{
  "League Average" : {
    "Player" : "League Average",
    "Kills" : 7.465793918918919,
    "Deaths" : 7.488175675675675,
    "Assists" : 13.352195945945946,
    "KDA" : 2.852603247162674,
    "League Average Kills" : 3.20035472972973,
    "League Average Deaths" : 3.401089527027027,
    "League Average Assists" : 5.765388513513514,
    "Largest Multi Kill" : 1.4882488479262674,
    "First Bloods" : 0.22212837837837837,
    "Avg CS / Min" : 5.070059121621622,
    "CS Diff @ 10" : -1.6958051801801803,
    "Overall CS" : 308.4383445945946,
    "CS / Game" : 138.0785472972973,
    "First Tower" : 0.4467905405405405,
    "Gold / Min" : 346.9158361486486,
    "Total Gold" : 21354.64653716216,
    "Gold / Game" : 9442.575929054054,
    "Gold Share" : 0.15055619311160762,
    "Damage / Game" : 11599.591300675675,
    "Damage Done" : 26520.796875,
    "Damage / Min" : 422.5413851351351,
    "Damage Share" : 0.15062678193441764,
    "Mins Played" : 60.670045045044986,
    "Mins / Game" : 27.079265202702707,
    "Kill Participation" : 0.4269298245614036,
    "Wards Placed" : 30.34375,
    "Wards Destroyed" : 7.484797297297297,
    "WP/Game" : 13.29504222972973,
    "WD/Game" : 3.1814695945945948,
    "WP/Min" : 0.4868876689189189,
    "WD/Min" : 0.11413006756756755,
    "Games Played" : 2.2212837837837838,
    "Impact Efficiency Rating" : 4628.675675675676
  },
  "Katar" : {
    "Player" : "Katar",
    "Kills" : 19,
    "Deaths" : 5,
    "Assists" : 37,
    "KDA" : 11.2,
    "League Average Kills" : 4.75,
    "League Average Deaths" : 1.25,
    "League Average Assists" : 9.25,
    "Largest Multi Kill" : 1,
    "First Bloods" : 0,
    "Avg CS / Min" : 7.1,
    "CS Diff @ 10" : 9.416666666666664,
    "Overall CS" : 845,
    "CS / Game" : 211.3,
    "First Tower" : 1,
    "Gold / Min" : 409.43,
    "Total Gold" : 48463,
    "Gold / Game" : 12115.8,
    "Gold Share" : 0.20245893421118594,
    "Damage / Game" : 14383,
    "Damage Done" : 57532,
    "Damage / Min" : 486,
    "Damage Share" : 0.19265440615079632,
    "Mins Played" : 118.36666666666659,
    "Mins / Game" : 29.6,
    "Kill Participation" : 0.58,
    "Wards Placed" : 57,
    "Wards Destroyed" : 12,
    "WP/Game" : 14.25,
    "WD/Game" : 3,
    "WP/Min" : 0.48,
    "WD/Min" : 0.1,
    "Games Played" : 4,
    "Impact Efficiency Rating" : 5579
  },
  "Tapmaster" : {
    "Player" : "Tapmaster",
    "Kills" : "no stats",
    "Deaths" : "no stats",
    "Assists" : "no stats",
    "KDA" : "no stats",
    "League Average Kills" : "no stats",
    "League Average Deaths" : "no stats",
    "League Average Assists" : "no stats",
    "Largest Multi Kill" : "no stats",
    "First Bloods" : "no stats",
    "Avg CS / Min" : "no stats",
    "CS Diff @ 10" : "no stats",
    "Overall CS" : "no stats",
    "CS / Game" : "no stats",
    "First Tower" : "no stats",
    "Gold / Min" : "no stats",
    "Total Gold" : "no stats",
    "Gold / Game" : "no stats",
    "Gold Share" : "no stats",
    "Damage / Game" : "no stats",
    "Damage Done" : "no stats",
    "Damage / Min" : "no stats",
    "Damage Share" : "no stats",
    "Mins Played" : "no stats",
    "Mins / Game" : "no stats",
    "Kill Participation" : "no stats",
    "Wards Placed" : "no stats",
    "Wards Destroyed" : "no stats",
    "WP/Game" : "no stats",
    "WD/Game" : "no stats",
    "WP/Min" : "no stats",
    "WD/Min" : "no stats",
    "Games Played" : "no stats",
    "Impact Efficiency Rating" : "no stats"
  },
  "Wonder Ginger" : {
    "Player" : "Wonder Ginger",
    "Kills" : 18,
    "Deaths" : 7,
    "Assists" : 29,
    "KDA" : 6.71,
    "League Average Kills" : 4.5,
    "League Average Deaths" : 1.75,
    "League Average Assists" : 7.25,
    "Largest Multi Kill" : 2,
    "First Bloods" : 0,
    "Avg CS / Min" : 6.5,
    "CS Diff @ 10" : -11.916666666666666,
    "Overall CS" : 765,
    "CS / Game" : 191.3,
    "First Tower" : 0,
    "Gold / Min" : 397.79,
    "Total Gold" : 47085,
    "Gold / Game" : 11771.3,
    "Gold Share" : 0.19670220410073025,
    "Damage / Game" : 15163.8,
    "Damage Done" : 60655,
    "Damage / Min" : 512,
    "Damage Share" : 0.20311223328020145,
    "Mins Played" : 118.36666666666659,
    "Mins / Game" : 29.6,
    "Kill Participation" : 0.48,
    "Wards Placed" : 53,
    "Wards Destroyed" : 3,
    "WP/Game" : 13.25,
    "WD/Game" : 0.75,
    "WP/Min" : 0.45,
    "WD/Min" : 0.03,
    "Games Played" : 4,
    "Impact Efficiency Rating" : 4840
  },
  "Clive Gildarts" : {
    "Player" : "Clive Gildarts",
    "Kills" : "no stats",
    "Deaths" : "no stats",
    "Assists" : "no stats",
    "KDA" : "no stats",
    "League Average Kills" : "no stats",
    "League Average Deaths" : "no stats",
    "League Average Assists" : "no stats",
    "Largest Multi Kill" : "no stats",
    "First Bloods" : "no stats",
    "Avg CS / Min" : "no stats",
    "CS Diff @ 10" : "no stats",
    "Overall CS" : "no stats",
    "CS / Game" : "no stats",
    "First Tower" : "no stats",
    "Gold / Min" : "no stats",
    "Total Gold" : "no stats",
    "Gold / Game" : "no stats",
    "Gold Share" : "no stats",
    "Damage / Game" : "no stats",
    "Damage Done" : "no stats",
    "Damage / Min" : "no stats",
    "Damage Share" : "no stats",
    "Mins Played" : "no stats",
    "Mins / Game" : "no stats",
    "Kill Participation" : "no stats",
    "Wards Placed" : "no stats",
    "Wards Destroyed" : "no stats",
    "WP/Game" : "no stats",
    "WD/Game" : "no stats",
    "WP/Min" : "no stats",
    "WD/Min" : "no stats",
    "Games Played" : "no stats",
    "Impact Efficiency Rating" : "no stats"
  },
  "Yoohoo Maniac" : {
    "Player" : "Yoohoo Maniac",
    "Kills" : 9,
    "Deaths" : 6,
    "Assists" : 63,
    "KDA" : 12,
    "League Average Kills" : 2.25,
    "League Average Deaths" : 1.5,
    "League Average Assists" : 15.75,
    "Largest Multi Kill" : 2,
    "First Bloods" : 1,
    "Avg CS / Min" : 1.2,
    "CS Diff @ 10" : 15.041666666666664,
    "Overall CS" : 137,
    "CS / Game" : 34.3,
    "First Tower" : 2,
    "Gold / Min" : 330.85,
    "Total Gold" : 39162,
    "Gold / Game" : 9790.5,
    "Gold Share" : 0.16360309476463414,
    "Damage / Game" : 5714.8,
    "Damage Done" : 22859,
    "Damage / Min" : 193,
    "Damage Share" : 0.0765467404262159,
    "Mins Played" : 118.36666666666659,
    "Mins / Game" : 29.6,
    "Kill Participation" : 0.74,
    "Wards Placed" : 130,
    "Wards Destroyed" : 32,
    "WP/Game" : 32.5,
    "WD/Game" : 8,
    "WP/Min" : 1.1,
    "WD/Min" : 0.27,
    "Games Played" : 4,
    "Impact Efficiency Rating" : 6484.999999999999
  },
  "Hopeless0ne" : {
    "Player" : "Hopeless0ne",
    "Kills" : 33,
    "Deaths" : 11,
    "Assists" : 29,
    "KDA" : 5.64,
    "League Average Kills" : 8.25,
    "League Average Deaths" : 2.75,
    "League Average Assists" : 7.25,
    "Largest Multi Kill" : 4,
    "First Bloods" : 1,
    "Avg CS / Min" : 6.4,
    "CS Diff @ 10" : 5.416666666666664,
    "Overall CS" : 757,
    "CS / Game" : 189.3,
    "First Tower" : 1,
    "Gold / Min" : 458.12,
    "Total Gold" : 54226,
    "Gold / Game" : 13556.5,
    "Gold Share" : 0.22653443176311347,
    "Damage / Game" : 22805.3,
    "Damage Done" : 91221,
    "Damage / Min" : 771,
    "Damage Share" : 0.30546700242442104,
    "Mins Played" : 118.36666666666659,
    "Mins / Game" : 29.6,
    "Kill Participation" : 0.64,
    "Wards Placed" : 54,
    "Wards Destroyed" : 26,
    "WP/Game" : 13.5,
    "WD/Game" : 6.5,
    "WP/Min" : 0.46,
    "WD/Min" : 0.22,
    "Games Played" : 4,
    "Impact Efficiency Rating" : 6547
  }
}
